method, log time, mIoU last, mAcc last, last eval, mIoU best, mAcc best, best eval
deeplabv3_r101-d8_no-pre_512x1024_160k_cityscapes, 20210928_224444.log.json, 73.0, 81.3, 6, 73.0, 81.3, 6
deeplabv3_r50-d8_no-pre_512x1024_160k_cityscapes, 20210928_224444.log.json, 71.21, 79.86999999999999, 6, 71.21, 79.86999999999999, 6
deeplabv3_r50b-d8_no-pre_512x1024_160k_cityscapes, 20210928_224444.log.json, 74.0, 82.85, 8, 74.0, 82.85, 8
deeplabv3plus_r101-d8_no-pre_512x1024_160k_cityscapes, 20210928_224444.log.json, 74.02, 84.41, 7, 74.02, 84.41, 7
deeplabv3plus_r50-d8_no-pre_512x1024_160k_cityscapes, 20210928_224444.log.json, 78.46, 86.77, 9, 78.46, 86.77, 9
pspnet_r101-d8_no-pre_512x1024_160k_cityscapes, 20210928_224444.log.json, 77.52, 85.42999999999999, 9, 77.52, 85.42999999999999, 9
pspnet_r50-d8_no-pre_512x1024_160k_cityscapes, 20210929_005209.log.json, 68.28999999999999, 76.06, 6, 68.28999999999999, 76.06, 6
